Lib,DL Recall(Accuracy),Rule Accuracy,Rule Recall,Total Recall
android_summary_iter1.csv,0.827,0.9954,0.9156,0.9705
gwt_summary_iter1.csv,0.9298,0.9567,0.8526,0.9614
hibernate_summary_iter1.csv,0.6904,0.9585,0.9391,0.9492
jdk_summary_iter1.csv,0.9947,1.0,0.9683,1.0
joda_time_summary_iter1.csv,0.9598,0.9483,0.8291,0.9397
xstream_summary_iter1.csv,0.8657,0.9116,0.9074,0.912
Average,0.8779,0.96175,0.9020166666666666,0.9554666666666667
Total,0.8791,0.9612,0.8987,0.9554
