Lib,DL Recall(Accuracy),Rule Accuracy,Rule Recall,Total Recall
android_summary_iter1.csv,0.8017,1.0,0.3966,0.8354
gwt_summary_iter1.csv,0.8982,0.9832,0.6175,0.9333
hibernate_summary_iter1.csv,0.665,0.9423,0.4975,0.6802
jdk_summary_iter1.csv,0.9683,1.0,0.7619,0.9947
joda_time_summary_iter1.csv,0.8995,0.9819,0.8191,0.9548
xstream_summary_iter1.csv,0.8333,1.0,0.75,0.8472
Average,0.8443333333333335,0.9845666666666667,0.6404333333333334,0.8742666666666666
Total,0.8458,0.9859,0.6327,0.876
