Lib,DL Recall(precision),Rule Precision,Rule Recall,Total Recall
android,0.7722,0.9954,0.9156,0.9578
gwt,0.9088,0.9724,0.8667,0.9719
hibernate,0.6294,0.943,0.9239,0.9289
jdk,0.9683,1.0,0.9735,1.0
joda_time,0.9246,0.9598,0.8392,0.9497
xstream,0.8426,0.9767,0.9722,0.9769
Average,0.8409833333333334,0.9745499999999999,0.9151833333333333,0.9642
Total,0.8428,0.975,0.9123,0.9645
