Lib,DL Recall(precision),Rule Precision,Rule Recall,Total Recall
android,0.7764,0.9954,0.9156,0.9578
gwt,0.9298,0.9847,0.9018,0.986
hibernate,0.6599,0.9482,0.9289,0.934
jdk,0.9841,1.0,0.9735,1.0
joda_time,0.9447,0.9718,0.8643,0.9598
xstream,0.8611,0.9861,0.9861,0.9861
Average,0.8593333333333334,0.9810333333333334,0.9283666666666667,0.9706166666666668
Total,0.8609,0.9816,0.9267,0.9713
