Lib,DL Recall(Accuracy),Rule Accuracy,Rule Recall,Total Recall
android,0.7027,0.9429,0.8919,0.9189
gwt,0.9228,0.9848,0.9088,0.986
hibernate,0.386,0.8929,0.8772,0.8772
jdk,0.9074,0.9804,0.9259,0.963
joda_time,0.6667,0.9459,0.7292,0.8542
xstream,0.5647,0.9277,0.9059,0.9176
Average,0.6917166666666666,0.9457666666666666,0.87315,0.9194833333333333
Total,0.7774,0.96,0.8905,0.947
