Lib,DL Recall(precision),Rule Precision,Rule Recall,Total Recall
android,0.7722,0.9954,0.9156,0.9578
gwt,0.9088,0.9769,0.8912,0.9754
hibernate,0.6497,0.943,0.9239,0.9289
jdk,0.9683,0.9891,0.963,0.9894
joda_time,0.9397,0.9722,0.8794,0.9598
xstream,0.8472,0.9861,0.9861,0.9861
Average,0.8476500000000001,0.9771166666666667,0.9265333333333334,0.9662333333333333
Total,0.8488,0.9776,0.9244,0.9667
