Snippet File,Query API Pool Time,Insert Results Time,Benchmark Time,Binding Time,Rule_time,DL_time,Snippet Time
JodaTime20.java,3.621546506881714,2.2487571239471436,37.656323194503784,4.129973888397217,56.54143524169922,47.466429710388184,104.00898909568787
JodaTime20.java,0.09261679649353027,0.9211504459381104,44.89692544937134,5.734066963195801,56.05245304107666,47.18766689300537,103.24122667312622
JodaTime20.java,0.1105952262878418,0.9381685256958008,44.1714608669281,5.761224985122681,54.72375774383545,51.45687770843506,106.18169784545898
JodaTime20.java,0.10664844512939453,0.9100871086120605,44.594396114349365,6.189186096191406,56.22859215736389,51.813461780548096,108.04308605194092
