Snippet File,Query API Pool Time,Insert Results Time,Benchmark Time,Binding Time,Rule_time,DL_time,Snippet Time
ad10.java,3.4373223781585693,1.3027760982513428,18.802846908569336,14.204530477523804,66.97722864151001,30.651374578475952,108.67475175857544
ad12.java,1.7291853427886963,1.983487606048584,17.40933394432068,10.112122297286987,36.294551849365234,18.897417545318604,65.87577605247498
ad15.java,1.3080244064331055,2.688603162765503,20.927249908447266,6.7690887451171875,34.32877707481384,21.88283944129944,66.52838087081909
ad17.java,0.866832971572876,1.217226266860962,12.484602689743042,7.293826103210449,22.63512372970581,15.548118352890015,49.61628842353821
ad18.java,0.8345663547515869,1.4761042594909668,12.443010568618774,6.768437147140503,22.23853611946106,17.947405099868774,45.64490580558777
