Snippet File,Query API Pool Time,Insert Results Time,Benchmark Time,Binding Time,Rule_time,DL_time,Snippet Time
Class_16.java,4.171367168426514,3.7819294929504395,23.025360345840454,108.18986964225769,139.55948400497437,337.515261888504,482.27622747421265
