Lib,DL Recall(Accuracy),Rule Accuracy,Rule Recall,Total Recall
android_summary_iter1.csv,0.827,0.9954,0.9156,0.9705
gwt_summary_iter1.csv,0.9298,0.9646,0.8596,0.9684
hibernate_summary_iter1.csv,0.6904,0.9585,0.9391,0.9492
jdk_summary_iter1.csv,0.9947,1.0,0.9683,1.0
joda_time_summary_iter1.csv,0.9598,0.9483,0.8291,0.9397
xstream_summary_iter1.csv,0.8657,0.9116,0.9074,0.912
Average,0.8779,0.9630666666666666,0.9031833333333332,0.9566333333333333
Total,0.8791,0.9628,0.9002,0.9569
