Snippet File,Query API Pool Time,Insert Results Time,Benchmark Time,Binding Time,Rule_time,DL_time,Snippet Time
gwt_class_12.java,0.12258434295654297,1.790186882019043,5.235751628875732,42.61527943611145,49.883755683898926,64.41384959220886,119.85580015182495
gwt_class_12.java,0.15274357795715332,2.629701614379883,5.359619379043579,46.44891905784607,54.812973499298096,91.28277540206909,151.16566443443298
gwt_class_12.java,0.10718417167663574,2.2553157806396484,5.0595011711120605,45.59384632110596,53.204410791397095,93.10723328590393,150.99783849716187
gwt_class_12.java,0.13998866081237793,1.866668939590454,5.607823848724365,35.40339398384094,43.18811011314392,95.98904371261597,150.08262825012207
gwt_class_12.java,0.11345553398132324,1.381781816482544,4.989037036895752,46.14926338195801,52.835201263427734,92.07806301116943,149.75628209114075
gwt_class_12.java,0.07858943939208984,1.8014297485351562,5.443096876144409,42.824124813079834,50.25857210159302,61.85729098320007,116.47931838035583
