Lib,DL Recall(Accuracy),Rule Accuracy,Rule Recall,Total Recall
android_summary_iter3.csv,0.8186,0.9954,0.9156,0.9705
gwt_summary_iter3.csv,0.9228,0.9808,0.8982,0.9825
hibernate_summary_iter3.csv,0.6701,0.9534,0.934,0.9442
jdk_summary_iter3.csv,0.9947,1.0,0.9735,1.0
joda_time_summary_iter3.csv,0.9447,0.9718,0.8643,0.9598
xstream_summary_iter3.csv,0.8704,0.9815,0.9815,0.9815
Average,0.8702166666666667,0.9804833333333333,0.92785,0.9730833333333333
Total,0.8715,0.9808,0.9259,0.9735
