Snippet File,Query API Pool Time,Insert Results Time,Benchmark Time,Binding Time,Rule_time,DL_time,Snippet Time
xstream_class_1.java,1.610877275466919,8.757210493087769,13.284871339797974,190.4972562789917,215.19576859474182,1301.0040037631989,1540.8412289619446
xstream_class_2.java,2.465212106704712,1.0320229530334473,4.979142665863037,12.73617172241211,21.356400966644287,50.34210562705994,77.70871448516846
