Lib,DL Recall(Accuracy),Rule Accuracy,Rule Recall,Total Recall
android,0.8108,1.0,0.8108,0.8378
gwt,0.7778,0.9615,0.5556,0.8
hibernate,0.5789,0.9429,0.5789,0.5789
jdk,0.9815,1.0,0.8519,0.9815
joda_time,0.9583,1.0,0.7708,0.9792
xstream,0.8706,0.9697,0.7529,0.8941
Average,0.82965,0.9790166666666668,0.72015,0.84525
Total,0.8313,0.9792,0.7209,0.8466
