Lib,DL Recall(Accuracy),Rule Accuracy,Rule Recall,Total Recall
android_summary_iter2.csv,0.8186,0.9954,0.9156,0.9705
gwt_summary_iter2.csv,0.9228,0.9847,0.9018,0.986
hibernate_summary_iter2.csv,0.6701,0.9585,0.9391,0.9492
jdk_summary_iter2.csv,0.9947,1.0,0.9735,1.0
joda_time_summary_iter2.csv,0.9447,0.9718,0.8643,0.9598
xstream_summary_iter2.csv,0.8704,0.9815,0.9815,0.9815
Average,0.8702166666666667,0.9819833333333333,0.9292999999999999,0.9745000000000003
Total,0.8715,0.9824,0.9274,0.9751
